{
  "ABIRoot": {
    "kind": "Root",
    "name": "TopLevel",
    "printedName": "TopLevel",
    "children": [
      {
        "kind": "Import",
        "name": "Foundation",
        "printedName": "Foundation",
        "declKind": "Import",
        "moduleName": "MyLib",
        "declAttributes": [
          "RawDocComment"
        ]
      },
      {
        "kind": "TypeDecl",
        "name": "MyLibSdk",
        "printedName": "MyLibSdk",
        "children": [
          {
            "kind": "Constructor",
            "name": "init",
            "printedName": "init()",
            "children": [
              {
                "kind": "TypeNominal",
                "name": "MyLibSdk",
                "printedName": "MyLib.MyLibSdk",
                "usr": "s:5MyLib0aB3SdkV"
              }
            ],
            "declKind": "Constructor",
            "usr": "s:5MyLib0aB3SdkVACycfc",
            "mangledName": "$s5MyLib0aB3SdkVACycfc",
            "moduleName": "MyLib",
            "declAttributes": [
              "AccessControl"
            ],
            "init_kind": "Designated"
          },
          {
            "kind": "Function",
            "name": "sayHello",
            "printedName": "sayHello()",
            "children": [
              {
                "kind": "TypeNominal",
                "name": "Void",
                "printedName": "()"
              }
            ],
            "declKind": "Func",
            "usr": "s:5MyLib0aB3SdkV8sayHelloyyFZ",
            "mangledName": "$s5MyLib0aB3SdkV8sayHelloyyFZ",
            "moduleName": "MyLib",
            "static": true,
            "declAttributes": [
              "AccessControl"
            ],
            "funcSelfKind": "NonMutating"
          }
        ],
        "declKind": "Struct",
        "usr": "s:5MyLib0aB3SdkV",
        "mangledName": "$s5MyLib0aB3SdkV",
        "moduleName": "MyLib",
        "declAttributes": [
          "AccessControl"
        ]
      }
    ],
    "json_format_version": 8
  },
  "ConstValues": [
    {
      "filePath": "\/Users\/longpham\/longpham2310\/projects\/TestSdk\/Example\/MyLib\/MyLibSdk.swift",
      "kind": "StringLiteral",
      "offset": 211,
      "length": 14,
      "value": "\"Hello world.\""
    }
  ]
}